age,worktime,unit,sex,geo\time	2008 	2009 	2010 	2011 	2012 	2013 	2014 	2015 	2016 	2017 	2018 	2019 
Y15-24,TEMP,PC_EMP,T,AT	33.5 	34.5 	35.5 	36.0 	34.4 	33.7 	33.7 	34.6 	32.9 	33.7 	32.4 	32.4 
Y15-24,TEMP,PC_EMP,T,BE	28.1 	31.4 	29.0 	32.3 	29.7 	30.7 	32.1 	34.1 	36.7 	44.4 b	44.1 	45.9 
Y15-24,TEMP,PC_EMP,T,BG	9.0 	8.8 	8.7 b	7.2 b	9.0 	12.4 	13.6 	11.1 	12.7 	11.9 	10.8 	11.4 
Y15-24,TEMP,PC_EMP,T,CH	: 	: 	48.1 b	48.3 	49.5 	48.4 	49.3 	49.2 	47.7 	48.7 	50.0 	49.0 
Y15-24,TEMP,PC_EMP,T,CY	19.3 	16.7 b	18.7 	15.9 	17.5 	24.0 	28.5 	27.2 	29.6 	31.4 	26.7 	24.8 
Y15-24,TEMP,PC_EMP,T,CZ	14.5 	17.3 	20.4 	20.2 b	24.2 	26.2 	30.1 	29.2 	30.0 	28.7 	25.3 	24.6 
Y15-24,TEMP,PC_EMP,T,DE	55.2 	56.0 	56.0 b	54.6 b	52.3 	51.8 	52.2 	52.4 	52.1 	51.3 	50.6 	49.8 
Y15-24,TEMP,PC_EMP,T,DK	24.1 b	23.2 	21.3 	21.7 	20.8 	20.6 	20.7 	22.5 	33.7 b	36.9 b	33.7 	33.4 
Y15-24,TEMP,PC_EMP,T,EA19	46.3 	46.7 	48.2 	48.6 	48.0 	48.3 	49.1 	49.9 	50.0 	51.1 	50.7 	50.0 
Y15-24,TEMP,PC_EMP,T,EE	5.9 	8.2 	12.0 	13.6 	12.6 	11.9 	11.0 	11.2 	12.6 	10.2 	13.0 	12.3 
Y15-24,TEMP,PC_EMP,T,EL	22.8 	22.1 b	23.0 	21.8 	18.3 	19.2 	21.3 	25.5 	24.8 	23.0 	21.7 	25.7 
Y15-24,TEMP,PC_EMP,T,ES	55.0 	51.7 	54.2 	56.7 	56.8 	58.4 	62.5 	64.5 	67.7 	69.0 	67.1 	65.6 
Y15-24,TEMP,PC_EMP,T,EU27_2020	43.2 	43.4 	45.2 	45.7 	45.2 	45.8 	46.9 	47.4 	47.8 	48.3 	47.6 	46.9 
Y15-24,TEMP,PC_EMP,T,EU28	37.5 	37.6 	39.2 	39.5 	39.1 	39.4 	40.1 	40.4 	40.8 	41.3 	40.9 	40.3 
Y15-24,TEMP,PC_EMP,T,FI	37.9 	37.3 	41.0 	41.4 	40.1 	41.1 	40.9 	39.8 	41.0 	41.6 	42.1 	39.8 
Y15-24,TEMP,PC_EMP,T,FR	46.8 e	46.9 e	49.3 e	50.4 e	50.7 e	52.6 e	54.6 	56.7 	56.8 	56.4 	56.0 	54.6 
Y15-24,TEMP,PC_EMP,T,FX	51.4 	51.4 	53.8 	54.0 	54.5 	55.6 	54.4 	56.5 	56.6 	56.2 	55.8 	54.4 
Y15-24,TEMP,PC_EMP,T,HR	33.1 	31.6 	36.0 	41.1 	41.8 	40.3 	53.1 	57.3 	61.7 	58.3 	54.2 	45.3 
Y15-24,TEMP,PC_EMP,T,HU	19.1 	20.4 	23.9 	22.5 	21.8 	23.9 	24.1 	23.2 	19.5 	17.1 	14.3 	12.0 
Y15-24,TEMP,PC_EMP,T,IE	22.5 	24.6 	29.5 	32.7 	33.8 	32.4 	33.1 	31.4 	27.7 	29.3 b	32.8 	33.7 
Y15-24,TEMP,PC_EMP,T,IS	27.3 	25.5 	30.0 	31.4 	31.2 	31.8 	29.7 	31.6 	28.0 	24.2 	23.3 	20.4 
Y15-24,TEMP,PC_EMP,T,IT	37.7 	38.7 	40.1 	43.0 	45.2 	44.5 	46.9 	48.6 	46.9 	54.6 	57.1 	56.8 
Y15-24,TEMP,PC_EMP,T,LT	6.8 u	5.1 u	7.2 u	8.3 u	8.9 u	7.6 	7.9 	6.1 	7.2 	6.3 	7.3 	7.2 
Y15-24,TEMP,PC_EMP,T,LU	38.4 	37.1 b	34.5 	32.0 	36.7 	28.2 	41.9 	40.0 b	34.0 	36.3 	40.5 	31.9 
Y15-24,TEMP,PC_EMP,T,LV	6.8 	8.4 	12.5 	10.7 	9.3 	9.4 	7.8 	10.1 	7.7 	6.3 	5.7 	10.3 
Y15-24,TEMP,PC_EMP,T,ME	: 	: 	: 	39.5 	45.5 	57.5 	64.2 	67.1 	72.6 	61.9 	65.6 	68.7 
Y15-24,TEMP,PC_EMP,T,MK	21.8 	24.4 	25.5 	22.0 	22.2 	25.8 	26.2 	23.5 	22.2 	23.1 	28.4 	29.5 
Y15-24,TEMP,PC_EMP,T,MT	8.6 	11.5 	13.3 	17.0 	16.1 	18.4 	18.2 	15.7 	16.5 	11.8 	16.9 	17.3 
Y15-24,TEMP,PC_EMP,T,NL	42.6 	43.7 	45.2 	44.8 	47.8 	49.1 	51.4 	49.0 	50.7 	52.1 	50.9 	49.1 
Y15-24,TEMP,PC_EMP,T,NO	25.4 	24.8 	26.3 	23.4 	23.3 	23.1 	23.0 	23.8 	27.7 	26.3 	26.4 	25.2 
Y15-24,TEMP,PC_EMP,T,PL	54.7 	54.2 	56.2 b	56.8 	57.5 	59.7 	63.2 	64.4 	62.5 	60.9 	56.5 	53.9 
Y15-24,TEMP,PC_EMP,T,PT	51.7 	51.3 	53.6 	54.6 b	52.6 	56.6 	59.0 	63.9 	62.8 	63.2 	61.1 	59.5 
Y15-24,TEMP,PC_EMP,T,RO	2.7 	2.3 	2.0 b	3.1 	3.0 	3.4 	3.8 	3.0 	3.0 	2.4 	2.8 	3.5 
Y15-24,TEMP,PC_EMP,T,RS	: 	: 	: 	: 	: 	: 	41.1 	43.9 	46.0 	45.5 	45.3 	45.5 
Y15-24,TEMP,PC_EMP,T,SE	52.4 	51.9 	55.0 	55.4 	54.2 	54.3 	54.8 	54.2 	52.8 	52.3 	52.0 b	52.3 
Y15-24,TEMP,PC_EMP,T,SI	62.6 	57.8 	58.5 	61.5 	60.7 	58.5 	57.2 	62.7 	66.3 	63.5 	61.5 	56.6 
Y15-24,TEMP,PC_EMP,T,SK	11.7 	11.2 	15.0 	16.7 b	17.0 	19.5 	25.8 	26.8 	23.4 	21.0 	18.7 	18.0 
Y15-24,TEMP,PC_EMP,T,TR	9.1 	10.6 	12.4 	13.4 	14.4 	14.9 	16.6 b	18.0 	19.2 	19.5 	18.9 	18.5 
Y15-24,TEMP,PC_EMP,T,UK	11.3 b	11.2 	12.9 	12.6 	13.9 	13.7 	14.3 	14.1 	14.3 	13.7 	13.3 	12.6 
Y15-64,TEMP,PC_EMP,T,AT	7.8 	7.9 	8.2 	8.4 	8.2 	8.1 	8.1 	8.0 	7.9 	8.1 	8.1 	7.7 
Y15-64,TEMP,PC_EMP,T,BE	7.1 	7.0 	7.0 	7.7 	7.0 	6.9 	7.4 	7.7 	7.8 	9.0 b	9.3 	9.4 
Y15-64,TEMP,PC_EMP,T,BG	4.3 	4.0 	3.9 b	3.6 b	3.9 	4.9 	4.6 	3.9 	3.6 	3.9 	3.6 	3.9 
Y15-64,TEMP,PC_EMP,T,CH	: 	: 	11.2 b	11.0 	11.0 	11.1 	11.2 	11.8 	11.5 	11.5 	11.4 	10.9 
Y15-64,TEMP,PC_EMP,T,CY	11.4 	11.3 b	11.7 	11.9 	12.9 	14.7 	15.8 	15.9 	14.4 	13.5 	12.2 	12.0 
Y15-64,TEMP,PC_EMP,T,CZ	6.1 	6.3 	6.7 	6.5 b	6.8 	7.5 	8.0 	8.3 	8.1 	8.0 	7.0 	6.5 
Y15-64,TEMP,PC_EMP,T,DE	13.1 	13.0 	13.0 b	13.0 b	12.3 	12.0 	11.8 	11.8 	11.9 	11.7 	11.5 	11.0 
Y15-64,TEMP,PC_EMP,T,DK	7.6 b	7.8 	7.5 	7.8 	7.7 	7.8 	7.6 	7.7 	11.8 b	11.3 b	9.9 	9.9 
Y15-64,TEMP,PC_EMP,T,EA19	13.6 	12.9 	13.0 	13.2 	12.7 	12.6 	12.8 	13.1 	13.3 	13.7 	13.9 	13.6 
Y15-64,TEMP,PC_EMP,T,EE	2.3 	2.2 	3.4 	4.1 	3.2 	3.2 	2.8 	3.1 	3.4 	2.8 	3.1 	2.8 
Y15-64,TEMP,PC_EMP,T,EL	7.7 	8.1 b	8.3 	7.6 	6.5 	6.5 	7.5 	7.9 	7.5 	7.6 	7.6 	8.7 
Y15-64,TEMP,PC_EMP,T,ES	24.1 	21.1 	20.7 	21.1 	19.5 	19.1 	19.9 	20.9 	21.8 	22.4 	22.7 	22.3 
Y15-64,TEMP,PC_EMP,T,EU27_2020	13.0 	12.4 	12.7 	12.8 	12.5 	12.5 	12.7 	13.0 	13.2 	13.4 	13.3 	12.8 
Y15-64,TEMP,PC_EMP,T,EU28	11.9 	11.4 	11.7 	11.8 	11.5 	11.5 	11.7 	11.9 	12.0 	12.2 	12.1 	11.6 
Y15-64,TEMP,PC_EMP,T,FI	13.1 	12.6 	13.4 	13.6 	13.5 	13.4 	13.4 	13.1 	13.6 	13.9 	14.2 	13.6 
Y15-64,TEMP,PC_EMP,T,FR	12.0 e	11.5 e	12.0 e	12.2 e	12.2 e	12.1 e	13.5 	14.2 	14.3 	14.9 	14.8 	14.4 
Y15-64,TEMP,PC_EMP,T,FX	13.5 	12.9 	13.4 	13.6 	13.5 	13.7 	13.4 	14.1 	14.2 	14.8 	14.7 	14.3 
Y15-64,TEMP,PC_EMP,T,HR	10.0 	9.7 	10.2 	10.8 	10.9 	12.1 	14.4 	17.2 	19.3 	18.2 	17.6 	16.0 
Y15-64,TEMP,PC_EMP,T,HU	6.9 	7.4 	8.5 	8.0 	8.5 	9.7 	9.6 	10.1 	8.7 	7.9 	6.5 	5.9 
Y15-64,TEMP,PC_EMP,T,IE	7.8 	7.9 	8.5 	9.1 	9.1 	9.0 	8.6 	8.1 	7.6 	7.8 b	8.6 	8.4 
Y15-64,TEMP,PC_EMP,T,IS	8.4 	8.5 	10.9 	10.8 	11.4 	12.4 	11.9 	11.4 	10.5 	9.4 	8.3 	7.0 
Y15-64,TEMP,PC_EMP,T,IT	10.0 	9.5 	9.6 	10.1 	10.5 	10.1 	10.4 	10.8 	10.9 	12.1 	13.4 	13.4 
Y15-64,TEMP,PC_EMP,T,LT	2.1 	2.0 	2.2 	2.4 	2.3 	2.4 	2.4 	1.8 	1.7 	1.5 	1.4 	1.3 
Y15-64,TEMP,PC_EMP,T,LU	5.8 	6.6 b	6.5 	6.5 	6.9 	6.4 	7.3 	9.1 b	7.9 	8.1 	8.9 	8.3 
Y15-64,TEMP,PC_EMP,T,LV	3.0 	3.8 	6.3 	5.9 	4.2 	3.8 	2.9 	3.3 	3.2 	2.6 	2.4 	2.8 
Y15-64,TEMP,PC_EMP,T,ME	: 	: 	: 	14.6 	17.8 	21.9 	22.5 	24.3 	26.9 	24.0 	26.1 	27.1 
Y15-64,TEMP,PC_EMP,T,MK	10.6 	11.2 	11.9 	10.7 	10.6 	11.0 	11.4 	9.4 	10.4 	10.8 	11.6 	13.3 
Y15-64,TEMP,PC_EMP,T,MT	3.6 	4.2 	4.5 	5.7 	6.0 	6.6 	6.7 	6.5 	6.6 	5.1 	6.8 	7.7 
Y15-64,TEMP,PC_EMP,T,NL	15.4 	15.5 	15.4 	15.4 	16.2 	17.0 	17.7 	16.7 	17.2 	18.1 	17.8 	16.9 
Y15-64,TEMP,PC_EMP,T,NO	8.3 	7.4 	7.8 	7.4 	7.9 	7.8 	7.3 	7.5 	8.2 	8.0 	7.9 	7.5 
Y15-64,TEMP,PC_EMP,T,PL	20.9 	20.6 	21.1 b	20.9 	20.9 	21.1 	22.4 	22.2 	21.9 	20.9 	19.5 	17.4 
Y15-64,TEMP,PC_EMP,T,PT	18.3 	17.7 	18.6 	18.2 b	16.9 	17.6 	18.0 	18.7 	19.1 	19.0 	19.0 	17.9 
Y15-64,TEMP,PC_EMP,T,RO	0.9 	0.7 	0.7 b	1.0 	1.1 	1.0 	1.1 	1.0 	1.0 	0.9 	0.9 	1.1 
Y15-64,TEMP,PC_EMP,T,RS	: 	: 	: 	: 	: 	: 	13.4 	15.7 	16.9 	16.5 	17.2 	17.2 
Y15-64,TEMP,PC_EMP,T,SE	14.3 	13.5 	14.4 	14.9 	14.4 	14.7 	15.2 	15.1 	14.7 	14.7 	14.5 b	14.3 
Y15-64,TEMP,PC_EMP,T,SI	15.1 	13.9 	14.5 	15.2 	14.4 	13.8 	13.7 	15.1 	14.6 	15.2 	13.5 	11.5 
Y15-64,TEMP,PC_EMP,T,SK	3.9 	3.6 	4.7 	5.5 b	5.7 	5.8 	7.4 	8.9 	8.4 	8.0 	6.9 	6.6 
Y15-64,TEMP,PC_EMP,T,TR	7.0 	6.6 	7.1 	7.7 	7.7 	7.8 	8.7 b	9.0 	9.1 	9.1 	8.7 	8.1 
Y15-64,TEMP,PC_EMP,T,UK	4.6 b	4.7 	5.1 	5.2 	5.3 	5.2 	5.3 	5.2 	5.1 	4.8 	4.7 	4.3 
Y20-64,TEMP,PC_EMP,T,AT	4.6 	4.7 	5.0 	5.2 	5.2 	5.3 	5.4 	5.4 	5.5 	6.0 	6.0 	5.7 
Y20-64,TEMP,PC_EMP,T,BE	6.6 	6.5 	6.5 	7.1 	6.5 	6.5 	7.0 	7.3 	7.4 	8.4 b	8.5 	8.4 
Y20-64,TEMP,PC_EMP,T,BG	4.2 	3.9 	3.8 b	3.5 b	3.8 	4.9 	4.5 	3.8 	3.5 	3.8 	3.5 	3.8 
Y20-64,TEMP,PC_EMP,T,CH	: 	: 	7.1 b	6.9 	7.0 	7.3 	7.5 	8.2 	7.9 	7.9 	7.8 	7.6 
Y20-64,TEMP,PC_EMP,T,CY	11.2 	11.2 b	11.6 	11.9 	12.8 	14.5 	15.7 	15.8 	14.3 	13.5 	12.0 	11.9 
Y20-64,TEMP,PC_EMP,T,CZ	5.9 	6.1 	6.6 	6.4 b	6.6 	7.4 	7.8 	8.1 	7.9 	7.8 	6.9 	6.3 
Y20-64,TEMP,PC_EMP,T,DE	10.9 	10.8 	11.0 b	11.1 b	10.6 	10.2 	10.0 	10.1 	10.2 	10.0 	9.8 	9.3 
Y20-64,TEMP,PC_EMP,T,DK	6.4 b	6.8 	6.8 	7.0 	7.0 	7.2 	6.8 	6.9 	10.9 b	9.5 b	8.2 	8.3 
Y20-64,TEMP,PC_EMP,T,EA19	12.3 	11.6 	11.9 	12.1 	11.7 	11.6 	11.8 	12.1 	12.3 	12.7 	12.8 	12.5 
Y20-64,TEMP,PC_EMP,T,EE	2.1 	2.1 	3.2 	3.9 	2.9 	3.0 	2.6 	2.8 	3.0 	2.5 	2.7 	2.4 
Y20-64,TEMP,PC_EMP,T,EL	7.5 	7.9 b	8.1 	7.6 	6.5 	6.4 	7.5 	7.8 	7.4 	7.6 	7.6 	8.6 
Y20-64,TEMP,PC_EMP,T,ES	23.3 	20.6 	20.3 	20.8 	19.2 	18.9 	19.6 	20.7 	21.5 	22.1 	22.3 	21.9 
Y20-64,TEMP,PC_EMP,T,EU27_2020	11.9 	11.4 	11.7 	11.9 	11.6 	11.6 	11.9 	12.2 	12.3 	12.5 	12.3 	11.9 
Y20-64,TEMP,PC_EMP,T,EU28	10.9 	10.5 	10.8 	11.0 	10.7 	10.7 	10.9 	11.1 	11.2 	11.3 	11.2 	10.8 
Y20-64,TEMP,PC_EMP,T,FI	11.9 	11.6 	12.4 	12.5 	12.4 	12.3 	12.2 	12.1 	12.6 	12.8 	13.1 	12.5 
Y20-64,TEMP,PC_EMP,T,FR	10.8 e	10.4 e	10.9 e	11.1 e	11.2 e	11.2 e	12.6 	13.3 	13.4 	13.9 	13.7 	13.3 
Y20-64,TEMP,PC_EMP,T,FX	12.2 	11.7 	12.2 	12.5 	12.5 	12.6 	12.4 	13.1 	13.2 	13.8 	13.6 	13.2 
Y20-64,TEMP,PC_EMP,T,HR	9.4 	9.2 	9.8 	10.5 	10.7 	11.9 	14.0 	16.9 	18.6 	17.5 	17.1 	15.5 
Y20-64,TEMP,PC_EMP,T,HU	6.8 	7.3 	8.4 	7.9 	8.4 	9.6 	9.4 	10.0 	8.6 	7.7 	6.4 	5.8 
Y20-64,TEMP,PC_EMP,T,IE	6.3 	6.7 	7.5 	8.1 	8.0 	7.9 	7.6 	7.1 	6.5 	6.7 b	7.4 	7.2 
Y20-64,TEMP,PC_EMP,T,IS	6.6 	7.2 	9.4 	9.0 	10.1 	11.0 	10.7 	9.9 	9.2 	8.5 	7.1 	6.3 
Y20-64,TEMP,PC_EMP,T,IT	9.7 	9.1 	9.3 	9.8 	10.2 	9.9 	10.2 	10.6 	10.7 	11.8 	13.1 	13.1 
Y20-64,TEMP,PC_EMP,T,LT	2.0 	2.0 	2.1 	2.4 	2.2 	2.3 	2.3 	1.8 	1.6 	1.4 	1.2 	1.1 
Y20-64,TEMP,PC_EMP,T,LU	5.1 	5.9 b	5.9 	6.0 	6.4 	5.9 	6.7 	8.5 b	7.4 	7.6 	8.5 	7.9 
Y20-64,TEMP,PC_EMP,T,LV	2.8 	3.7 	6.1 	5.8 	4.1 	3.7 	2.9 	3.1 	3.1 	2.5 	2.3 	2.6 
Y20-64,TEMP,PC_EMP,T,ME	: 	: 	: 	14.4 	17.6 	21.6 	21.8 	23.7 	26.1 	23.3 	25.3 	26.1 
Y20-64,TEMP,PC_EMP,T,MK	10.5 	11.2 	11.9 	10.7 	10.6 	10.9 	11.3 	9.4 	10.2 	10.6 	11.5 	13.2 
Y20-64,TEMP,PC_EMP,T,MT	3.3 	3.6 	3.9 	5.0 	5.3 	5.9 	6.1 	6.1 	6.0 	4.9 	6.4 	7.1 
Y20-64,TEMP,PC_EMP,T,NL	12.9 	13.0 	13.0 	13.0 	13.8 	14.5 	15.1 	14.0 	14.3 	15.0 	14.6 	13.6 
Y20-64,TEMP,PC_EMP,T,NO	7.0 	6.2 	6.5 	6.4 	7.0 	7.0 	6.4 	6.6 	7.1 	7.0 	6.9 	6.5 
Y20-64,TEMP,PC_EMP,T,PL	20.4 	20.1 	20.7 b	20.5 	20.6 	20.8 	22.1 	21.9 	21.6 	20.6 	19.2 	17.1 
Y20-64,TEMP,PC_EMP,T,PT	17.6 	17.1 	18.2 	17.8 b	16.6 	17.3 	17.6 	18.3 	18.6 	18.5 	18.6 	17.4 
Y20-64,TEMP,PC_EMP,T,RO	0.8 	0.7 	0.7 b	1.0 	1.1 	1.0 	1.0 	1.0 	1.0 	0.9 	0.8 	1.1 
Y20-64,TEMP,PC_EMP,T,RS	: 	: 	: 	: 	: 	: 	13.2 	15.6 	16.7 	16.3 	17.0 	17.0 
Y20-64,TEMP,PC_EMP,T,SE	12.3 	11.6 	12.6 	13.2 	12.8 	13.2 	13.6 	13.5 	13.2 	13.1 	12.8 b	12.5 
Y20-64,TEMP,PC_EMP,T,SI	14.0 	13.1 	13.8 	14.6 	14.1 	13.4 	13.4 	14.6 	14.2 	14.6 	12.8 	10.9 
Y20-64,TEMP,PC_EMP,T,SK	3.7 	3.5 	4.6 	5.4 b	5.6 	5.6 	7.3 	8.8 	8.3 	7.8 	6.7 	6.5 
Y20-64,TEMP,PC_EMP,T,TR	6.6 	6.0 	6.5 	7.1 	7.0 	7.0 	7.8 b	7.9 	8.0 	8.0 	7.6 	7.0 
Y20-64,TEMP,PC_EMP,T,UK	4.1 b	4.3 	4.7 	4.7 	4.8 	4.7 	4.8 	4.6 	4.5 	4.3 	4.2 	3.8 
Y25-54,TEMP,PC_EMP,T,AT	3.9 	4.0 	4.3 	4.4 	4.5 	4.6 	4.7 	4.6 	4.9 	5.2 	5.4 	5.1 
Y25-54,TEMP,PC_EMP,T,BE	5.6 	5.3 	5.6 	6.0 	5.6 	5.6 	6.1 	6.3 	6.4 	7.3 b	7.5 	7.2 
Y25-54,TEMP,PC_EMP,T,BG	3.8 	3.5 	3.5 b	3.2 b	3.6 	4.5 	4.2 	3.6 	3.3 	3.5 	3.3 	3.5 
Y25-54,TEMP,PC_EMP,T,CH	: 	: 	5.5 b	5.3 	5.4 	5.6 	5.9 	6.9 	6.7 	6.8 	6.5 	6.5 
Y25-54,TEMP,PC_EMP,T,CY	11.7 	12.0 b	12.3 	12.7 	13.7 	15.2 	16.1 	16.5 	14.3 	13.0 	11.7 	11.7 
Y25-54,TEMP,PC_EMP,T,CZ	4.3 	4.4 	5.1 	5.4 b	5.5 	6.3 	6.6 	7.2 	7.0 	7.0 	6.2 	5.7 
Y25-54,TEMP,PC_EMP,T,DE	8.3 	8.3 	8.5 b	8.7 b	8.5 	8.4 	8.3 	8.6 	8.8 	8.7 	8.5 	8.0 
Y25-54,TEMP,PC_EMP,T,DK	5.2 b	5.7 	5.8 	6.0 	6.1 	6.3 	6.0 	6.0 	9.1 b	7.9 b	6.6 	6.7 
Y25-54,TEMP,PC_EMP,T,EA19	10.8 	10.2 	10.4 	10.7 	10.4 	10.4 	10.7 	11.1 	11.4 	11.8 	12.0 	11.6 
Y25-54,TEMP,PC_EMP,T,EE	2.0 	1.8 	2.8 	3.0 	2.5 	2.6 	2.4 	2.6 	2.8 	2.3 	2.3 	2.0 
Y25-54,TEMP,PC_EMP,T,EL	7.2 	7.8 b	8.0 	7.6 	6.6 	6.4 	7.5 	7.6 	7.3 	7.5 	7.7 	8.7 
Y25-54,TEMP,PC_EMP,T,ES	22.7 	20.2 	20.0 	20.7 	19.3 	19.0 	19.8 	20.9 	21.7 	22.2 	22.4 	22.0 
Y25-54,TEMP,PC_EMP,T,EU27_2020	10.4 	9.9 	10.2 	10.5 	10.4 	10.5 	10.8 	11.2 	11.3 	11.5 	11.4 	10.9 
Y25-54,TEMP,PC_EMP,T,EU28	9.6 	9.2 	9.5 	9.7 	9.6 	9.6 	9.9 	10.2 	10.3 	10.4 	10.4 	9.9 
Y25-54,TEMP,PC_EMP,T,FI	11.0 	10.7 	11.4 	11.5 	11.4 	11.0 	11.2 	11.0 	11.4 	11.6 	11.9 	11.5 
Y25-54,TEMP,PC_EMP,T,FR	9.0 e	8.4 e	8.9 e	9.2 e	9.3 e	9.2 e	10.6 	11.2 	11.4 	12.0 	11.8 	11.4 
Y25-54,TEMP,PC_EMP,T,FX	10.1 	9.5 	9.9 	10.3 	10.4 	10.5 	10.4 	11.0 	11.2 	11.8 	11.6 	11.2 
Y25-54,TEMP,PC_EMP,T,HR	8.6 	8.6 	9.1 	9.8 	10.4 	12.1 	13.2 	16.4 	17.3 	16.1 	16.3 	14.8 
Y25-54,TEMP,PC_EMP,T,HU	6.3 	6.9 	7.9 	7.5 	7.9 	9.1 	8.7 	9.2 	7.9 	7.2 	5.8 	5.3 
Y25-54,TEMP,PC_EMP,T,IE	4.8 	5.2 	5.7 	6.3 	6.4 	6.4 	5.8 	5.6 	5.2 	5.1 b	5.6 	5.2 
Y25-54,TEMP,PC_EMP,T,IS	5.2 	6.1 	8.0 	7.3 	8.4 	9.5 	9.1 	8.3 	7.7 	7.3 	6.2 	5.4 
Y25-54,TEMP,PC_EMP,T,IT	8.7 	8.2 	8.4 	8.9 	9.4 	9.3 	9.8 	10.2 	10.3 	11.4 	12.8 	12.8 
Y25-54,TEMP,PC_EMP,T,LT	1.7 u	1.9 	1.8 	2.1 	2.0 	2.0 	1.9 	1.4 	1.3 	1.1 	0.9 	0.8 
Y25-54,TEMP,PC_EMP,T,LU	3.9 	4.5 b	5.2 	5.3 	5.3 	5.2 	5.7 	6.9 b	6.5 	6.4 	6.8 	6.7 
Y25-54,TEMP,PC_EMP,T,LV	2.6 	3.5 	5.6 	5.4 	3.8 	3.3 	2.4 	2.5 	2.9 	2.4 	2.2 	2.4 
Y25-54,TEMP,PC_EMP,T,ME	: 	: 	: 	14.5 	17.5 	21.3 	21.2 	23.5 	25.4 	23.0 	24.9 	25.7 
Y25-54,TEMP,PC_EMP,T,MK	10.6 	10.9 	11.6 	10.8 	10.5 	10.9 	11.5 	9.2 	10.4 	10.9 	11.5 	13.2 
Y25-54,TEMP,PC_EMP,T,MT	2.6 	3.0 	3.0 	3.8 	4.5 	4.6 	4.9 	5.2 	5.4 	4.3 	5.8 	6.5 
Y25-54,TEMP,PC_EMP,T,NL	11.4 	11.3 	11.2 	11.2 	11.8 	12.6 	13.4 	12.3 	12.5 	13.4 	13.3 	12.2 
Y25-54,TEMP,PC_EMP,T,NO	6.2 	5.5 	5.6 	5.8 	6.2 	6.2 	5.7 	5.9 	6.4 	6.3 	6.2 	5.7 
Y25-54,TEMP,PC_EMP,T,PL	17.7 	17.5 	18.3 b	18.5 	18.9 	19.2 	20.4 	20.4 	20.0 	19.0 	17.6 	15.6 
Y25-54,TEMP,PC_EMP,T,PT	16.7 	16.3 	17.7 	17.0 b	16.0 	16.9 	17.0 	17.5 	18.1 	17.8 	18.1 	16.8 
Y25-54,TEMP,PC_EMP,T,RO	0.8 	0.6 	0.7 b	0.9 	1.0 	0.9 	0.9 	1.0 	1.0 	0.9 	0.8 	1.0 
Y25-54,TEMP,PC_EMP,T,RS	: 	: 	: 	: 	: 	: 	13.4 	15.7 	16.9 	16.5 	17.4 	17.1 
Y25-54,TEMP,PC_EMP,T,SE	10.5 	10.0 	10.5 	10.9 	10.6 	10.9 	11.4 	11.2 	10.8 	11.1 	11.2 b	11.0 
Y25-54,TEMP,PC_EMP,T,SI	10.4 	9.9 	10.8 	11.6 	11.8 	11.2 	11.5 	12.4 	12.0 	12.2 	10.5 	8.9 
Y25-54,TEMP,PC_EMP,T,SK	3.0 	2.9 	3.9 	4.7 b	4.9 	4.8 	6.2 	8.0 	7.5 	6.9 	6.1 	5.9 
Y25-54,TEMP,PC_EMP,T,TR	6.7 	6.0 	6.3 	6.8 	6.7 	6.7 	7.4 b	7.5 	7.4 	7.4 	7.0 	6.4 
Y25-54,TEMP,PC_EMP,T,UK	3.4 b	3.7 	4.0 	4.1 	4.1 	3.9 	4.0 	3.9 	3.7 	3.6 	3.5 	3.2 
Y55-64,TEMP,PC_EMP,T,AT	2.2 	2.6 	2.2 	2.0 	2.3 	2.0 	2.2 	2.4 	2.4 	2.4 	2.8 	2.6 
Y55-64,TEMP,PC_EMP,T,BE	2.9 	2.9 	2.3 	3.1 	2.4 	2.3 	2.4 	2.6 	2.7 	2.8 b	2.8 	3.5 
Y55-64,TEMP,PC_EMP,T,BG	4.5 	4.4 	3.7 b	3.7 b	3.8 	4.4 	3.8 	3.0 	2.7 	3.6 	3.2 	3.5 
Y55-64,TEMP,PC_EMP,T,CH	: 	: 	3.4 b	3.0 	2.8 	3.2 	2.9 	3.3 	3.3 	2.9 	3.1 	2.9 
Y55-64,TEMP,PC_EMP,T,CY	3.4 	3.4 b	3.2 	4.5 	4.8 	6.4 	6.7 	6.1 	7.4 	7.3 	7.2 	7.6 
Y55-64,TEMP,PC_EMP,T,CZ	11.6 	11.2 	9.2 	6.6 b	6.6 	6.5 	6.1 	5.6 	5.5 	5.7 	5.1 	4.6 
Y55-64,TEMP,PC_EMP,T,DE	3.7 	3.8 	3.9 b	3.7 b	3.6 	3.2 	3.1 	3.0 	3.3 	2.9 	2.9 	2.6 
Y55-64,TEMP,PC_EMP,T,DK	3.0 b	2.7 	3.0 	3.1 	2.8 	3.0 	3.0 	2.6 	4.6 b	4.0 b	3.3 	3.5 
Y55-64,TEMP,PC_EMP,T,EA19	4.9 	4.8 	5.0 	5.0 	4.9 	4.6 	4.6 	4.8 	5.0 	5.2 	5.3 	5.3 
Y55-64,TEMP,PC_EMP,T,EE	: u	: 	1.7 u	3.9 	1.4 u	1.5 u	1.1 u	1.4 u	1.6 u	1.6 u	1.8 u	1.9 
Y55-64,TEMP,PC_EMP,T,EL	2.7 	2.8 b	3.4 	2.9 	2.8 	3.0 	3.2 	3.9 	3.5 	4.0 	3.4 	4.3 
Y55-64,TEMP,PC_EMP,T,ES	8.5 	7.5 	7.4 	7.5 	6.7 	6.8 	7.0 	7.7 	8.8 	9.1 	10.0 	10.3 
Y55-64,TEMP,PC_EMP,T,EU27_2020	5.4 	5.4 	5.5 	5.4 	5.3 	5.2 	5.2 	5.3 	5.5 	5.6 	5.6 	5.5 
Y55-64,TEMP,PC_EMP,T,EU28	5.2 	5.2 	5.3 	5.2 	5.1 	5.0 	5.1 	5.1 	5.3 	5.4 	5.3 	5.2 
Y55-64,TEMP,PC_EMP,T,FI	5.6 	5.8 	6.1 	5.5 	5.7 	5.9 	5.5 	5.9 	6.1 	6.6 	7.3 	6.9 
Y55-64,TEMP,PC_EMP,T,FR	4.9 e	5.2 e	5.6 e	5.5 e	5.7 e	5.2 e	6.9 	6.9 	6.9 	7.6 	7.1 	7.4 
Y55-64,TEMP,PC_EMP,T,FX	6.1 	6.6 	7.1 	7.0 	7.1 	6.9 	6.8 	6.8 	6.9 	7.6 	7.0 	7.4 
Y55-64,TEMP,PC_EMP,T,HR	2.3 u	2.7 u	2.7 u	2.5 u	1.9 u	2.8 u	5.1 	6.1 	7.3 	9.2 	7.7 	7.6 
Y55-64,TEMP,PC_EMP,T,HU	4.2 	4.7 	5.7 	5.1 	6.2 	7.2 	7.8 	8.9 	7.8 	7.5 	7.1 	6.2 
Y55-64,TEMP,PC_EMP,T,IE	3.8 	3.8 	4.5 	4.6 	4.0 	4.6 	4.2 	3.5 	3.4 	5.1 b	4.9 	4.6 
Y55-64,TEMP,PC_EMP,T,IS	2.3 	2.6 	4.6 	4.9 	4.3 	4.2 	5.1 	3.9 	4.2 	3.8 	2.3 	1.8 
Y55-64,TEMP,PC_EMP,T,IT	4.0 	3.7 	4.1 	4.1 	4.5 	4.0 	3.9 	4.2 	4.2 	4.6 	5.3 	5.5 
Y55-64,TEMP,PC_EMP,T,LT	: u	: u	: u	: u	: u	1.6 u	2.1 u	1.6 u	0.9 u	1.0 u	0.9 u	0.9 u
Y55-64,TEMP,PC_EMP,T,LU	: 	: bu	: u	2.7 u	3.4 u	3.9 u	3.8 u	3.9 bu	3.6 u	3.9 	4.4 	5.1 
Y55-64,TEMP,PC_EMP,T,LV	2.2 	2.6 	6.3 	5.8 	3.5 	3.5 	3.0 	3.6 	2.6 	2.1 	2.1 	2.1 
Y55-64,TEMP,PC_EMP,T,ME	: 	: 	: 	: u	6.3 u	7.5 	6.0 u	5.7 u	8.7 	8.5 	9.6 	7.5 
Y55-64,TEMP,PC_EMP,T,MK	2.6 	4.5 	4.8 	4.3 	4.8 	3.8 	4.1 	3.8 	5.1 	4.6 	5.7 	6.8 
Y55-64,TEMP,PC_EMP,T,MT	2.6 u	: u	2.6 u	2.8 u	3.3 u	4.7 	4.8 	5.1 	4.3 	4.1 	3.7 	6.5 
Y55-64,TEMP,PC_EMP,T,NL	5.4 	5.4 	5.4 	5.2 	5.2 	5.2 	4.7 	4.8 	5.6 	5.9 	5.7 	5.5 
Y55-64,TEMP,PC_EMP,T,NO	2.6 	2.1 	2.1 	1.8 	2.2 	2.1 	2.0 	1.6 	1.5 	1.7 u	2.0 u	1.9 u
Y55-64,TEMP,PC_EMP,T,PL	14.4 	14.9 	14.4 b	13.2 	12.6 	12.3 	13.1 	12.1 	12.6 	12.5 	12.0 	10.1 
Y55-64,TEMP,PC_EMP,T,PT	6.0 	6.1 	5.9 	7.0 b	6.7 	6.3 	7.3 	7.9 	7.4 	7.9 	8.1 	7.9 
Y55-64,TEMP,PC_EMP,T,RO	: u	: u	: bu	: u	: u	: u	: u	: u	: u	: u	: u	0.6 u
Y55-64,TEMP,PC_EMP,T,RS	: 	: 	: 	: 	: 	: 	4.9 	6.8 	7.6 	7.1 	7.5 	9.0 
Y55-64,TEMP,PC_EMP,T,SE	5.6 	4.9 	5.2 	5.6 	5.2 	5.4 	5.8 	6.1 	6.7 	6.7 	6.1 b	6.0 
Y55-64,TEMP,PC_EMP,T,SI	4.6 u	5.7 	6.0 	7.3 	5.5 	6.5 	5.8 	6.7 	5.3 	6.9 	6.2 	4.5 
Y55-64,TEMP,PC_EMP,T,SK	3.9 	3.5 	4.7 	4.6 b	4.9 	5.2 	5.9 	6.3 	6.9 	7.7 	6.1 	6.2 
Y55-64,TEMP,PC_EMP,T,TR	4.6 	3.7 	4.2 	5.0 	4.9 	4.7 	6.0 b	6.2 	6.5 	6.4 	6.4 	5.7 
Y55-64,TEMP,PC_EMP,T,UK	3.9 b	3.9 	4.0 	4.1 	3.9 	4.1 	4.2 	3.8 	4.0 	3.4 	3.2 	3.4 
